Source IP,,,,,,,,,,
51.89.201.157,,,,,,,,,,
212.237.3.14,,,,,,,,,,
8.213.208.72,,,,,,,,,,
8.216.82.251,,,,,,,,,,
181.114.13.21,,,,,,,,,,
8.216.85.26,,,,,,,,,,
77.237.238.107,,,,,,,,,,
8.213.220.203,,,,,,,,,,
149.129.250.220,,,,,,,,,,
80.242.208.68,,,,,,,,,,
8.220.210.24,,,,,,,,,,
203.154.82.123,,,,,,,,,,
8.209.223.219,,,,,,,,,,
45.156.128.106,,,,,,,,,,
8.217.98.75,,,,,,,,,,
47.245.115.46,,,,,,,,,,
37.114.32.223,,,,,,,,,,
212.70.111.218,,,,,,,,,,
37.186.43.45,,,,,,,,,,
75.119.129.239,,,,,,,,,,
144.22.151.82,,,,,,,,,,
8.212.174.60,,,,,,,,,,
62.171.160.131,,,,,,,,,,
78.153.140.151,,,,,,,,,,
47.245.102.73,,,,,,,,,,
77.91.78.132,,,,,,,,,,
8.218.235.111,,,,,,,,,,
47.242.183.85,,,,,,,,,,
5.188.206.202,,,,,,,,,,
192.178.10.52,,,,,,,,,,
192.178.10.51,,,,,,,,,,
192.178.10.50,,,,,,,,,,
8.216.87.246,,,,,,,,,,
161.97.148.193,,,,,,,,,,
5.42.84.98,,,,,,,,,,
207.154.236.92,,,,,,,,,,
147.139.141.27,,,,,,,,,,
185.242.226.117,,,,,,,,,,
8.216.86.85,,,,,,,,,,
47.245.115.131,,,,,,,,,,
8.219.181.180,,,,,,,,,,
64.225.59.234,,,,,,,,,,
47.236.192.208,,,,,,,,,,
94.156.66.116,,,,,,,,,,
14.225.206.94,,,,,,,,,,
13.201.95.13,,,,,,,,,,
47.89.208.117,,,,,,,,,,
47.251.30.53,,,,,,,,,,
47.84.73.221,,,,,,,,,,
8.216.87.143,,,,,,,,,,
47.76.39.108,,,,,,,,,,
47.89.232.246,,,,,,,,,,
165.22.92.206,,,,,,,,,,
146.190.253.9,,,,,,,,,,
104.152.52.46,,,,,,,,,,
161.35.218.100,,,,,,,,,,
47.237.21.234,,,,,,,,,,
77.68.116.194,,,,,,,,,,
47.89.151.173,,,,,,,,,,
46.101.214.168,,,,,,,,,,
159.89.107.111,,,,,,,,,,
27.45.41.217,,,,,,,,,,
163.116.211.51,,,,,,,,,,
46.101.1.149,,,,,,,,,,
8.213.37.20,,,,,,,,,,
47.76.66.111,,,,,,,,,,
206.189.211.133,,,,,,,,,,
8.216.83.6,,,,,,,,,,
8.219.216.114,,,,,,,,,,
8.219.4.35,,,,,,,,,,
3.250.15.253,,,,,,,,,,
167.172.100.42,,,,,,,,,,
202.62.127.154,,,,,,,,,,
64.226.115.249,,,,,,,,,,
156.38.52.240,,,,,,,,,,
164.90.183.30,,,,,,,,,,
8.209.89.133,,,,,,,,,,
159.89.103.177,,,,,,,,,,
159.89.103.230,,,,,,,,,,
84.247.172.240,,,,,,,,,,
47.245.88.99,,,,,,,,,,
103.100.210.79,,,,,,,,,,
185.196.10.84,,,,,,,,,,
60.8.207.116,,,,,,,,,,
197.242.180.23,,,,,,,,,,
206.168.34.210,,,,,,,,,,
206.168.34.197,,,,,,,,,,
37.187.141.153,,,,,,,,,,
85.190.243.5,,,,,,,,,,
113.235.213.46,,,,,,,,,,
47.236.143.194,,,,,,,,,,
213.199.53.204,,,,,,,,,,
154.209.5.211,,,,,,,,,,
35.233.62.40,,,,,,,,,,
104.152.52.41,,,,,,,,,,
104.152.52.49,,,,,,,,,,
47.254.122.160,,,,,,,,,,
109.199.127.169,,,,,,,,,,
37.120.170.65,,,,,,,,,,
47.236.162.8,,,,,,,,,,
202.163.7.29,,,,,,,,,,
202.163.7.26,,,,,,,,,,
202.163.7.36,,,,,,,,,,
36.139.111.167,,,,,,,,,,
152.58.18.163,,,,,,,,,,
8.222.194.224,,,,,,,,,,
5.42.76.224,,,,,,,,,,
47.251.104.7,,,,,,,,,,
139.59.14.245,,,,,,,,,,
78.183.75.183,,,,,,,,,,
27.210.152.236,,,,,,,,,,
191.107.254.136,,,,,,,,,,
8.134.200.99,,,,,,,,,,
178.18.242.163,,,,,,,,,,
47.236.83.119,,,,,,,,,,
197.242.180.21,,,,,,,,,,
152.32.247.23,,,,,,,,,,
141.255.160.234,,,,,,,,,,
45.156.129.56,,,,,,,,,,
179.43.168.130,,,,,,,,,,
106.75.188.200,,,,,,,,,,
202.163.7.39,,,,,,,,,,
37.19.110.147,,,,,,,,,,
41.86.42.152,,,,,,,,,,
34.168.93.241,,,,,,,,,,
27.114.165.205,,,,,,,,,,
191.108.5.130,,,,,,,,,,
57.141.3.5,,,,,,,,,,
174.138.23.99,,,,,,,,,,
167.94.145.100,,,,,,,,,,
167.94.145.103,,,,,,,,,,
79.124.58.138,,,,,,,,,,
167.94.146.56,,,,,,,,,,
167.94.146.61,,,,,,,,,,
47.236.90.162,,,,,,,,,,
35.207.215.84,,,,,,,,,,
68.183.183.43,,,,,,,,,,
46.135.29.12,,,,,,,,,,
103.253.21.35,,,,,,,,,,
103.136.213.34,,,,,,,,,,
103.136.213.40,,,,,,,,,,
47.98.157.240,,,,,,,,,,
210.14.98.29,,,,,,,,,,
45.156.130.4,,,,,,,,,,
103.7.8.110,,,,,,,,,,
91.102.180.35,,,,,,,,,,
45.156.128.39,,,,,,,,,,
45.156.128.41,,,,,,,,,,
45.156.128.47,,,,,,,,,,
45.156.128.49,,,,,,,,,,
157.230.112.136,,,,,,,,,,
119.13.91.148,,,,,,,,,,
196.216.238.180,,,,,,,,,,
45.148.10.75,,,,,,,,,,
139.135.41.32,,,,,,,,,,
46.101.143.135,,,,,,,,,,
46.8.206.87,,,,,,,,,,
162.142.125.36,,,,,,,,,,
8.217.215.71,,,,,,,,,,
162.142.125.209,,,,,,,,,,
162.142.125.219,,,,,,,,,,
46.101.115.140,,,,,,,,,,
199.45.154.147,,,,,,,,,,
34.82.127.197,,,,,,,,,,
199.45.154.127,,,,,,,,,,
199.45.155.97,,,,,,,,,,
199.45.155.100,,,,,,,,,,
41.42.179.84,,,,,,,,,,
8.211.223.11,,,,,,,,,,
91.214.78.85,,,,,,,,,,
83.137.6.185,,,,,,,,,,
78.100.154.154,,,,,,,,,,
188.127.40.145,,,,,,,,,,
219.128.20.72,,,,,,,,,,
8.211.199.102,,,,,,,,,,
34.76.236.135,,,,,,,,,,
113.30.188.176,,,,,,,,,,
154.216.17.87,,,,,,,,,,
47.89.230.62,,,,,,,,,,
47.245.103.43,,,,,,,,,,
47.251.104.144,,,,,,,,,,
34.83.164.243,,,,,,,,,,
179.48.53.23,,,,,,,,,,
103.117.162.67,,,,,,,,,,
106.75.47.74,,,,,,,,,,
222.71.223.54,,,,,,,,,,
212.98.212.10,,,,,,,,,,
134.209.121.229,,,,,,,,,,
36.252.90.227,,,,,,,,,,
37.111.216.247,,,,,,,,,,
185.198.69.36,,,,,,,,,,
35.195.25.18,,,,,,,,,,
106.75.16.222,,,,,,,,,,
57.141.3.30,,,,,,,,,,
114.119.139.247,,,,,,,,,,
31.13.103.2,,,,,,,,,,
104.245.95.83,,,,,,,,,,
103.4.144.130,,,,,,,,,,
41.57.95.99,,,,,,,,,,
106.54.223.163,,,,,,,,,,
34.140.150.29,,,,,,,,,,
114.119.128.56,,,,,,,,,,
213.32.39.47,,,,,,,,,,
45.156.130.2,,,,,,,,,,
45.156.130.6,,,,,,,,,,
103.146.10.127,,,,,,,,,,
37.111.200.122,,,,,,,,,,
83.222.191.62,,,,,,,,,,
45.156.129.50,,,,,,,,,,
45.156.129.54,,,,,,,,,,
45.156.129.52,,,,,,,,,,
79.106.168.206,,,,,,,,,,
137.74.239.146,,,,,,,,,,
137.74.239.159,,,,,,,,,,
98.80.4.56,,,,,,,,,,
178.134.84.153,,,,,,,,,,
136.228.172.153,,,,,,,,,,
190.236.28.53,,,,,,,,,,
5.255.231.53,,,,,,,,,,
5.255.231.68,,,,,,,,,,
5.255.231.162,,,,,,,,,,
47.254.207.86,,,,,,,,,,
13.64.109.208,,,,,,,,,,
95.163.255.38,,,,,,,,,,
95.163.255.35,,,,,,,,,,
213.180.203.195,,,,,,,,,,
3.250.94.198,,,,,,,,,,
79.126.21.195,,,,,,,,,,
46.53.244.141,,,,,,,,,,
35.92.58.167,,,,,,,,,,
46.123.247.63,,,,,,,,,,
181.53.96.75,,,,,,,,,,
106.75.190.150,,,,,,,,,,
77.77.222.70,,,,,,,,,,
62.72.108.151,,,,,,,,,,
41.78.120.199,,,,,,,,,,
44.220.188.38,,,,,,,,,,
157.66.13.72,,,,,,,,,,
45.202.35.39,,,,,,,,,,
103.23.42.226,,,,,,,,,,
152.170.85.28,,,,,,,,,,
154.216.17.83,,,,,,,,,,
95.108.213.241,,,,,,,,,,
95.108.213.122,,,,,,,,,,
3.249.138.188,,,,,,,,,,
193.186.4.139,,,,,,,,,,
192.99.4.199,,,,,,,,,,
3.255.135.217,,,,,,,,,,
95.85.94.231,,,,,,,,,,
35.233.99.197,,,,,,,,,,
202.134.10.134,,,,,,,,,,
